USE [TimesheetDB];
GO

-- ============================================================
-- Подразделения
-- Первые 3 входят в RESTRICTED_GROUP1 (лимит 12/14 ч)
-- Четвёртое — в RESTRICTED_GROUP2 (лимит 12/14/16 ч)
-- Остальные — без ограничений
-- ============================================================
INSERT INTO [dbo].[ПодразделенияОрганизаций] ([Ссылка], [Наименование]) VALUES
('A0000000000000000000000000000001', N'Ресторан Москва'),
('A0000000000000000000000000000002', N'Ресторан Петербург'),
('A0000000000000000000000000000003', N'Ресторан Казань'),
('B0000000000000000000000000000001', N'Бар Воронеж'),
('C0000000000000000000000000000001', N'Кафе Центральное'),
('D0000000000000000000000000000001', N'Ресторан Краснодар'),
('E0000000000000000000000000000001', N'Ресторан Маяк'),
('F0000000000000000000000000000001', N'Администрация');
GO

-- ============================================================
-- Должности
-- ============================================================
INSERT INTO [dbo].[ДолжностиОрганизаций] ([Ссылка], [Наименование]) VALUES
('P0000000000000000000000000000001', N'Повар'),
('P0000000000000000000000000000002', N'Су-шеф'),
('P0000000000000000000000000000003', N'Шеф-повар'),
('P0000000000000000000000000000004', N'Официант'),
('P0000000000000000000000000000005', N'Бармен'),
('P0000000000000000000000000000006', N'Администратор зала'),
('P0000000000000000000000000000007', N'Управляющий'),
('P0000000000000000000000000000008', N'Кассир'),
('P0000000000000000000000000000009', N'Уборщик'),
('P0000000000000000000000000000010', N'Мойщик посуды');
GO

-- ============================================================
-- Сотрудники
-- E024 и E025 содержат маркеры ЕЖД / БД — исключения из лимитов
-- E014 — уволен 01.06.2026
-- ============================================================
INSERT INTO [dbo].[СотрудникиОрганизаций_Перевод]
    ([Ссылка], [Наименование], [ДатаПриемаНаРаботу], [ДатаУвольнения],
     [ТекущаяДолжностьОрганизации], [ТекущееПодразделениеОрганизации])
VALUES
-- Ресторан Москва (RESTRICTED_GROUP1)
('E0000000000000000000000000000001', N'Иванов Иван Иванович',          '15.01.2024', NULL, 'P0000000000000000000000000000001', 'A0000000000000000000000000000001'),
('E0000000000000000000000000000002', N'Петрова Мария Сергеевна',        '01.03.2024', NULL, 'P0000000000000000000000000000001', 'A0000000000000000000000000000001'),
('E0000000000000000000000000000003', N'Сидоров Алексей Петрович',       '20.06.2023', NULL, 'P0000000000000000000000000000004', 'A0000000000000000000000000000001'),
('E0000000000000000000000000000004', N'Козлова Анна Дмитриевна',        '10.09.2024', NULL, 'P0000000000000000000000000000005', 'A0000000000000000000000000000001'),
('E0000000000000000000000000000005', N'Морозов Дмитрий Андреевич',      '05.04.2023', NULL, 'P0000000000000000000000000000006', 'A0000000000000000000000000000001'),
('E0000000000000000000000000000006', N'Волкова Елена Викторовна',       '12.11.2024', NULL, 'P0000000000000000000000000000008', 'A0000000000000000000000000000001'),

-- Ресторан Петербург (RESTRICTED_GROUP1)
('E0000000000000000000000000000007', N'Новиков Сергей Александрович',   '01.02.2024', NULL, 'P0000000000000000000000000000001', 'A0000000000000000000000000000002'),
('E0000000000000000000000000000008', N'Федорова Ольга Николаевна',      '15.05.2023', NULL, 'P0000000000000000000000000000004', 'A0000000000000000000000000000002'),
('E0000000000000000000000000000009', N'Лебедев Андрей Владимирович',    '01.08.2024', NULL, 'P0000000000000000000000000000005', 'A0000000000000000000000000000002'),
('E0000000000000000000000000000010', N'Егорова Наталья Игоревна',       '20.12.2023', NULL, 'P0000000000000000000000000000008', 'A0000000000000000000000000000002'),
('E0000000000000000000000000000011', N'Павлов Михаил Юрьевич',          '01.06.2023', NULL, 'P0000000000000000000000000000002', 'A0000000000000000000000000000002'),

-- Ресторан Казань (RESTRICTED_GROUP1)
('E0000000000000000000000000000012', N'Семенов Виктор Олегович',        '10.03.2024', NULL, 'P0000000000000000000000000000001', 'A0000000000000000000000000000003'),
('E0000000000000000000000000000013', N'Кузнецова Татьяна Александровна','01.07.2023', NULL, 'P0000000000000000000000000000004', 'A0000000000000000000000000000003'),
('E0000000000000000000000000000014', N'Попов Николай Сергеевич',        '15.09.2024', '01.06.2026', 'P0000000000000000000000000000005', 'A0000000000000000000000000000003'),
('E0000000000000000000000000000015', N'Соколова Ирина Петровна',        '01.11.2023', NULL, 'P0000000000000000000000000000006', 'A0000000000000000000000000000003'),

-- Бар Воронеж (RESTRICTED_GROUP2)
('E0000000000000000000000000000016', N'Михайлов Артём Викторович',      '20.04.2024', NULL, 'P0000000000000000000000000000005', 'B0000000000000000000000000000001'),
('E0000000000000000000000000000017', N'Андреева Светлана Олеговна',     '01.01.2024', NULL, 'P0000000000000000000000000000004', 'B0000000000000000000000000000001'),
('E0000000000000000000000000000018', N'Орлов Максим Дмитриевич',        '10.06.2023', NULL, 'P0000000000000000000000000000001', 'B0000000000000000000000000000001'),

-- Кафе Центральное (без ограничений)
('E0000000000000000000000000000019', N'Николаев Роман Анатольевич',     '01.05.2024', NULL, 'P0000000000000000000000000000001', 'C0000000000000000000000000000001'),
('E0000000000000000000000000000020', N'Захарова Юлия Сергеевна',        '15.08.2023', NULL, 'P0000000000000000000000000000004', 'C0000000000000000000000000000001'),
('E0000000000000000000000000000021', N'Белов Артур Игоревич',           '01.10.2024', NULL, 'P0000000000000000000000000000009', 'C0000000000000000000000000000001'),

-- Администрация (без ограничений)
('E0000000000000000000000000000022', N'Григорьев Павел Николаевич',     '01.01.2023', NULL, 'P0000000000000000000000000000007', 'F0000000000000000000000000000001'),
('E0000000000000000000000000000023', N'Тимофеева Екатерина Андреевна',  '15.03.2023', NULL, 'P0000000000000000000000000000006', 'F0000000000000000000000000000001'),

-- Исключения из лимитов (ЕЖД / БД)
('E0000000000000000000000000000024', N'Смирнов Александр Петрович ЕЖД', '01.02.2024', NULL, 'P0000000000000000000000000000001', 'A0000000000000000000000000000001'),
('E0000000000000000000000000000025', N'Крылова Марина (доп. БД согл.)', '10.04.2024', NULL, 'P0000000000000000000000000000004', 'A0000000000000000000000000000002');
GO

-- ============================================================
-- Табель — тестовые записи за июнь 2026
-- ============================================================

-- ------ 02.06.2026 (Вт) — Ресторан Москва, основной ------
INSERT INTO [dbo].[ТабельОрганизаций]
    ([id],[date],[restaurant_id],[employee_id],[position_id],[target_position_id],[hours],[work_type],[is_correction],[comment],[created_at],[is_vacation],[is_sick],[is_without_pay])
VALUES
('msk000000001','2026-06-02','A0000000000000000000000000000001','E0000000000000000000000000000001','P0000000000000000000000000000001',NULL,10.00,N'основной',0,NULL,'2026-06-02 09:00:00',0,0,0),
('msk000000002','2026-06-02','A0000000000000000000000000000001','E0000000000000000000000000000002','P0000000000000000000000000000001',NULL,12.00,N'основной',0,NULL,'2026-06-02 09:01:00',0,0,0),
('msk000000003','2026-06-02','A0000000000000000000000000000001','E0000000000000000000000000000003','P0000000000000000000000000000004',NULL,8.00,N'основной',0,NULL,'2026-06-02 09:02:00',0,0,0),
('msk000000004','2026-06-02','A0000000000000000000000000000001','E0000000000000000000000000000004','P0000000000000000000000000000005',NULL,10.00,N'основной',0,NULL,'2026-06-02 09:03:00',0,0,0),
('msk000000005','2026-06-02','A0000000000000000000000000000001','E0000000000000000000000000000006','P0000000000000000000000000000008',NULL,8.00,N'основной',0,NULL,'2026-06-02 09:04:00',0,0,0),
('msk000000006','2026-06-02','A0000000000000000000000000000001','E0000000000000000000000000000024','P0000000000000000000000000000001',NULL,14.00,N'основной',0,N'ЕЖД — без лимита','2026-06-02 09:05:00',0,0,0);
GO

-- ------ 03.06.2026 (Ср) — Ресторан Москва, разные статусы ------
INSERT INTO [dbo].[ТабельОрганизаций]
    ([id],[date],[restaurant_id],[employee_id],[position_id],[target_position_id],[hours],[work_type],[is_correction],[comment],[created_at],[is_vacation],[is_sick],[is_without_pay])
VALUES
('msk000000007','2026-06-03','A0000000000000000000000000000001','E0000000000000000000000000000001','P0000000000000000000000000000001',NULL,11.00,N'основной',0,NULL,'2026-06-03 09:00:00',0,0,0),
('msk000000008','2026-06-03','A0000000000000000000000000000001','E0000000000000000000000000000002','P0000000000000000000000000000001',NULL,0.00,N'основной',0,NULL,'2026-06-03 09:01:00',1,0,0),
('msk000000009','2026-06-03','A0000000000000000000000000000001','E0000000000000000000000000000003','P0000000000000000000000000000004',NULL,0.00,N'основной',0,NULL,'2026-06-03 09:02:00',0,1,0),
('msk000000010','2026-06-03','A0000000000000000000000000000001','E0000000000000000000000000000004','P0000000000000000000000000000005',NULL,10.50,N'основной',0,NULL,'2026-06-03 09:03:00',0,0,0);
GO

-- ------ 05.06.2026 (Пт, лимит 14ч для GROUP1) — Ресторан Москва ------
INSERT INTO [dbo].[ТабельОрганизаций]
    ([id],[date],[restaurant_id],[employee_id],[position_id],[target_position_id],[hours],[work_type],[is_correction],[comment],[created_at],[is_vacation],[is_sick],[is_without_pay])
VALUES
('msk000000011','2026-06-05','A0000000000000000000000000000001','E0000000000000000000000000000001','P0000000000000000000000000000001',NULL,14.00,N'основной',0,NULL,'2026-06-05 09:00:00',0,0,0),
('msk000000012','2026-06-05','A0000000000000000000000000000001','E0000000000000000000000000000002','P0000000000000000000000000000001',NULL,12.00,N'основной',0,NULL,'2026-06-05 09:01:00',0,0,0),
('msk000000013','2026-06-05','A0000000000000000000000000000001','E0000000000000000000000000000003','P0000000000000000000000000000004',NULL,10.00,N'основной',0,NULL,'2026-06-05 09:02:00',0,0,0);
GO

-- ------ 06.06.2026 (Сб, лимит 14ч GROUP1 / 16ч GROUP2) ------

-- Ресторан Москва
INSERT INTO [dbo].[ТабельОрганизаций]
    ([id],[date],[restaurant_id],[employee_id],[position_id],[target_position_id],[hours],[work_type],[is_correction],[comment],[created_at],[is_vacation],[is_sick],[is_without_pay])
VALUES
('msk000000014','2026-06-06','A0000000000000000000000000000001','E0000000000000000000000000000001','P0000000000000000000000000000001',NULL,14.00,N'основной',0,NULL,'2026-06-06 09:00:00',0,0,0),
('msk000000015','2026-06-06','A0000000000000000000000000000001','E0000000000000000000000000000004','P0000000000000000000000000000005',NULL,12.00,N'основной',0,NULL,'2026-06-06 09:01:00',0,0,0);

-- Бар Воронеж (GROUP2, Сб = 16ч)
INSERT INTO [dbo].[ТабельОрганизаций]
    ([id],[date],[restaurant_id],[employee_id],[position_id],[target_position_id],[hours],[work_type],[is_correction],[comment],[created_at],[is_vacation],[is_sick],[is_without_pay])
VALUES
('bvrn000000001','2026-06-06','B0000000000000000000000000000001','E0000000000000000000000000000016','P0000000000000000000000000000005',NULL,16.00,N'основной',0,N'Суббота — макс. 16ч','2026-06-06 09:00:00',0,0,0),
('bvrn000000002','2026-06-06','B0000000000000000000000000000001','E0000000000000000000000000000017','P0000000000000000000000000000004',NULL,10.00,N'основной',0,NULL,'2026-06-06 09:01:00',0,0,0),
('bvrn000000003','2026-06-06','B0000000000000000000000000000001','E0000000000000000000000000000018','P0000000000000000000000000000001',NULL,14.00,N'основной',0,NULL,'2026-06-06 09:02:00',0,0,0);
GO

-- ------ 09.06.2026 (Вт) — Ресторан Петербург, основной + замещение ------
INSERT INTO [dbo].[ТабельОрганизаций]
    ([id],[date],[restaurant_id],[employee_id],[position_id],[target_position_id],[hours],[work_type],[is_correction],[comment],[created_at],[is_vacation],[is_sick],[is_without_pay])
VALUES
('spb000000001','2026-06-09','A0000000000000000000000000000002','E0000000000000000000000000000007','P0000000000000000000000000000001',NULL,10.00,N'основной',0,NULL,'2026-06-09 09:00:00',0,0,0),
('spb000000002','2026-06-09','A0000000000000000000000000000002','E0000000000000000000000000000008','P0000000000000000000000000000004',NULL,8.00,N'основной',0,NULL,'2026-06-09 09:01:00',0,0,0),
('spb000000003','2026-06-09','A0000000000000000000000000000002','E0000000000000000000000000000009','P0000000000000000000000000000005',NULL,12.00,N'основной',0,NULL,'2026-06-09 09:02:00',0,0,0),
('spb000000004','2026-06-09','A0000000000000000000000000000002','E0000000000000000000000000000010','P0000000000000000000000000000008',NULL,8.00,N'основной',0,NULL,'2026-06-09 09:03:00',0,0,0),
('spb000000005','2026-06-09','A0000000000000000000000000000002','E0000000000000000000000000000011','P0000000000000000000000000000002',NULL,10.00,N'основной',0,NULL,'2026-06-09 09:04:00',0,0,0),
-- Замещение: Федорова работает на кассе вместо Егоровой
('spb000000006','2026-06-09','A0000000000000000000000000000002','E0000000000000000000000000000008','P0000000000000000000000000000004','P0000000000000000000000000000008',4.00,N'замещение',0,N'Замещает кассира','2026-06-09 09:05:00',0,0,0),
-- БД-исключение — без лимита
('spb000000007','2026-06-09','A0000000000000000000000000000002','E0000000000000000000000000000025','P0000000000000000000000000000004',NULL,14.00,N'основной',0,N'БД — без лимита','2026-06-09 09:06:00',0,0,0);
GO

-- ------ 10.06.2026 (Ср) — Ресторан Казань, основной + совмещение ------
INSERT INTO [dbo].[ТабельОрганизаций]
    ([id],[date],[restaurant_id],[employee_id],[position_id],[target_position_id],[hours],[work_type],[is_correction],[comment],[created_at],[is_vacation],[is_sick],[is_without_pay])
VALUES
('kzn000000001','2026-06-10','A0000000000000000000000000000003','E0000000000000000000000000000012','P0000000000000000000000000000001',NULL,10.00,N'основной',0,NULL,'2026-06-10 09:00:00',0,0,0),
('kzn000000002','2026-06-10','A0000000000000000000000000000003','E0000000000000000000000000000013','P0000000000000000000000000000004',NULL,8.00,N'основной',0,NULL,'2026-06-10 09:01:00',0,0,0),
('kzn000000003','2026-06-10','A0000000000000000000000000000003','E0000000000000000000000000000015','P0000000000000000000000000000006',NULL,12.00,N'основной',0,NULL,'2026-06-10 09:02:00',0,0,0),
-- Совмещение: повар Семенов дополнительно работает мойщиком
('kzn000000004','2026-06-10','A0000000000000000000000000000003','E0000000000000000000000000000012','P0000000000000000000000000000001','P0000000000000000000000000000010',4.00,N'совмещение',0,N'Совмещение с мойщиком','2026-06-10 09:03:00',0,0,0);
GO

-- ------ 11.06.2026 (Чт) — Кафе Центральное (без лимитов) ------
INSERT INTO [dbo].[ТабельОрганизаций]
    ([id],[date],[restaurant_id],[employee_id],[position_id],[target_position_id],[hours],[work_type],[is_correction],[comment],[created_at],[is_vacation],[is_sick],[is_without_pay])
VALUES
('cf000000001','2026-06-11','C0000000000000000000000000000001','E0000000000000000000000000000019','P0000000000000000000000000000001',NULL,10.00,N'основной',0,NULL,'2026-06-11 09:00:00',0,0,0),
('cf000000002','2026-06-11','C0000000000000000000000000000001','E0000000000000000000000000000020','P0000000000000000000000000000004',NULL,8.50,N'основной',0,NULL,'2026-06-11 09:01:00',0,0,0),
('cf000000003','2026-06-11','C0000000000000000000000000000001','E0000000000000000000000000000021','P0000000000000000000000000000009',NULL,6.00,N'основной',0,NULL,'2026-06-11 09:02:00',0,0,0);
GO

-- ------ 12.06.2026 (Пт, лимит 14ч GROUP1) — Ресторан Москва + корректировка ------
INSERT INTO [dbo].[ТабельОрганизаций]
    ([id],[date],[restaurant_id],[employee_id],[position_id],[target_position_id],[hours],[work_type],[is_correction],[comment],[created_at],[is_vacation],[is_sick],[is_without_pay])
VALUES
('msk000000016','2026-06-12','A0000000000000000000000000000001','E0000000000000000000000000000001','P0000000000000000000000000000001',NULL,10.00,N'основной',0,NULL,'2026-06-12 09:00:00',0,0,0),
('msk000000017','2026-06-12','A0000000000000000000000000000001','E0000000000000000000000000000002','P0000000000000000000000000000001',NULL,12.00,N'основной',0,NULL,'2026-06-12 09:01:00',0,0,0),
-- Корректировка: Иванову пересчитали часы с 10 на 13
('msk000000018','2026-06-12','A0000000000000000000000000000001','E0000000000000000000000000000001','P0000000000000000000000000000001',NULL,13.00,N'основной',1,N'Корректировка: было 10ч','2026-06-12 15:00:00',0,0,0);
GO

-- ------ 15.06.2026 (Пн) — Ресторан Москва, б/с ------
INSERT INTO [dbo].[ТабельОрганизаций]
    ([id],[date],[restaurant_id],[employee_id],[position_id],[target_position_id],[hours],[work_type],[is_correction],[comment],[created_at],[is_vacation],[is_sick],[is_without_pay])
VALUES
('msk000000019','2026-06-15','A0000000000000000000000000000001','E0000000000000000000000000000001','P0000000000000000000000000000001',NULL,12.00,N'основной',0,NULL,'2026-06-15 09:00:00',0,0,0),
('msk000000020','2026-06-15','A0000000000000000000000000000001','E0000000000000000000000000000002','P0000000000000000000000000000001',NULL,0.00,N'основной',0,NULL,'2026-06-15 09:01:00',0,0,1),
('msk000000021','2026-06-15','A0000000000000000000000000000001','E0000000000000000000000000000003','P0000000000000000000000000000004',NULL,10.00,N'основной',0,NULL,'2026-06-15 09:02:00',0,0,0),
('msk000000022','2026-06-15','A0000000000000000000000000000001','E0000000000000000000000000000004','P0000000000000000000000000000005',NULL,11.00,N'основной',0,NULL,'2026-06-15 09:03:00',0,0,0);
GO

-- ------ 16.06.2026 (Вт) — Бар Воронеж (GROUP2, лимит 12ч) ------
INSERT INTO [dbo].[ТабельОрганизаций]
    ([id],[date],[restaurant_id],[employee_id],[position_id],[target_position_id],[hours],[work_type],[is_correction],[comment],[created_at],[is_vacation],[is_sick],[is_without_pay])
VALUES
('bvrn000000004','2026-06-16','B0000000000000000000000000000001','E0000000000000000000000000000016','P0000000000000000000000000000005',NULL,12.00,N'основной',0,NULL,'2026-06-16 09:00:00',0,0,0),
('bvrn000000005','2026-06-16','B0000000000000000000000000000001','E0000000000000000000000000000017','P0000000000000000000000000000004',NULL,10.00,N'основной',0,NULL,'2026-06-16 09:01:00',0,0,0),
('bvrn000000006','2026-06-16','B0000000000000000000000000000001','E0000000000000000000000000000018','P0000000000000000000000000000001',NULL,11.50,N'основной',0,NULL,'2026-06-16 09:02:00',0,0,0),
-- Замещение из другого ресторана
('bvrn000000007','2026-06-16','B0000000000000000000000000000001','E0000000000000000000000000000019','P0000000000000000000000000000001','P0000000000000000000000000000005',6.00,N'замещение',0,N'Из Кафе Центральное','2026-06-16 09:03:00',0,0,0);
GO

-- ------ 17.06.2026 (Ср) — Ресторан Петербург ------
INSERT INTO [dbo].[ТабельОрганизаций]
    ([id],[date],[restaurant_id],[employee_id],[position_id],[target_position_id],[hours],[work_type],[is_correction],[comment],[created_at],[is_vacation],[is_sick],[is_without_pay])
VALUES
('spb000000008','2026-06-17','A0000000000000000000000000000002','E0000000000000000000000000000007','P0000000000000000000000000000001',NULL,12.00,N'основной',0,NULL,'2026-06-17 09:00:00',0,0,0),
('spb000000009','2026-06-17','A0000000000000000000000000000002','E0000000000000000000000000000008','P0000000000000000000000000000004',NULL,10.00,N'основной',0,NULL,'2026-06-17 09:01:00',0,0,0),
('spb000000010','2026-06-17','A0000000000000000000000000000002','E0000000000000000000000000000009','P0000000000000000000000000000005',NULL,0.00,N'основной',0,NULL,'2026-06-17 09:02:00',1,0,0),
('spb000000011','2026-06-17','A0000000000000000000000000000002','E0000000000000000000000000000011','P0000000000000000000000000000002',NULL,10.00,N'основной',0,NULL,'2026-06-17 09:03:00',0,0,0),
-- Совмещение: су-шеф Павлов совмещает с шеф-поваром
('spb000000012','2026-06-17','A0000000000000000000000000000002','E0000000000000000000000000000011','P0000000000000000000000000000002','P0000000000000000000000000000003',2.00,N'совмещение',0,N'Совмещение с шеф-поваром','2026-06-17 09:04:00',0,0,0);
GO

-- ------ 18.06.2026 (Чт, сегодня) — Ресторан Москва, свежие записи ------
INSERT INTO [dbo].[ТабельОрганизаций]
    ([id],[date],[restaurant_id],[employee_id],[position_id],[target_position_id],[hours],[work_type],[is_correction],[comment],[created_at],[is_vacation],[is_sick],[is_without_pay])
VALUES
('msk000000023','2026-06-18','A0000000000000000000000000000001','E0000000000000000000000000000001','P0000000000000000000000000000001',NULL,10.00,N'основной',0,NULL,'2026-06-18 09:00:00',0,0,0),
('msk000000024','2026-06-18','A0000000000000000000000000000001','E0000000000000000000000000000002','P0000000000000000000000000000001',NULL,12.00,N'основной',0,NULL,'2026-06-18 09:01:00',0,0,0),
('msk000000025','2026-06-18','A0000000000000000000000000000001','E0000000000000000000000000000003','P0000000000000000000000000000004',NULL,8.00,N'основной',0,NULL,'2026-06-18 09:02:00',0,0,0),
('msk000000026','2026-06-18','A0000000000000000000000000000001','E0000000000000000000000000000005','P0000000000000000000000000000006',NULL,10.00,N'основной',0,NULL,'2026-06-18 09:03:00',0,0,0);
GO

PRINT N'Тестовые данные загружены.';
PRINT N'Подразделений: 8, Должностей: 10, Сотрудников: 25, Записей табеля: ' + 
      CAST((SELECT COUNT(*) FROM [dbo].[ТабельОрганизаций]) AS NVARCHAR);
GO
